1,Alice,2608,115229
2,Rica,1361,365004
3,Nydia,2055,478410
4,Sena,744,261127
5,Carry,985,189986
6,Sonia,4974,79997
7,Fidelity,2495,14253
8,Sarge,1362,199021
9,Hobard,2964,402408
10,Annelise,759,303252
11,Sunny,168,175232
12,Bidget,1535,485837
13,Kinna,3350,172646
14,Arluene,794,436725
15,Kaiser,1178,264531
16,Maggi,3331,411396
17,Cornela,4382,130137
18,Reina,2972,68486
19,Floris,833,235226
20,Kim,4264,445725
21,Karim,4056,450283
22,Mycah,4404,54657
23,Rusty,3429,420568
24,Collie,254,133527
25,Sander,1507,169342
26,Bryce,4055,230274
27,Odelinda,4896,487491
28,Cob,2579,243015
29,Nancey,2026,221309
30,Ramsey,1662,48455
31,Linnell,3994,346108
32,Corey,24,220607
33,Toddy,1733,136749
34,Ricardo,4222,344908
35,Karrah,2727,468009
36,Chryste,3773,272903
37,Wilek,3606,155731
38,Henrieta,887,212993
39,Ringo,784,95596
40,Barnebas,3821,128290
41,Noam,2885,222081
42,Valentino,3893,193360
43,Bailie,264,179779
44,Correy,1625,116729
45,Dougy,2289,138471
46,Collette,3637,25220
47,Bonni,704,258484
48,Danita,2792,41653
49,Adelheid,2966,454068
50,Sissie,2373,490702
51,Briant,2265,97799
52,Adrianne,3809,261526
53,Joe,4872,158443
54,Cletus,701,158293
55,Baudoin,3053,240136
56,Abbey,1771,114485
57,Gypsy,2544,39695
58,Doralyn,4247,227551
59,Carleen,4139,398726
60,Brendis,803,344318
61,Roslyn,4600,315424
62,Virgina,3889,246442
63,Agosto,2816,140518
64,Pearl,4496,149585
65,Caresse,1442,185812
66,Vincenty,1692,450755
67,Phelia,1524,185369
68,Sascha,4686,374107
69,Valera,3672,119606
70,Dennie,152,29675
71,Billy,4391,443877
72,Bay,4387,146199
73,Garrett,2540,436695
74,Tally,2501,27514
75,Hyacinthe,2501,70816
76,Philippine,3786,328140
77,Emlynne,3559,18293
78,Charley,4581,16766
79,Yelena,2024,158825
80,Florance,3238,272096
81,Batholomew,1615,247591
82,Danya,2160,181899
83,Adi,3769,141834
84,Annamaria,286,204405
85,Alvera,3680,473722
86,Hillier,1066,25581
87,Margy,2791,485729
88,Bethany,2492,329104
89,Abbe,2806,405754
90,Sean,2757,188284
91,Lina,4763,369402
92,Randa,1363,363632
93,Leigh,477,340565
94,Toby,4599,22163
95,Madelena,2199,415646
96,Keelia,4573,296377
97,Danette,1143,434701
98,Carin,659,368759
99,Dorine,165,431959
100,Annabella,663,195028
101,Wendel,398,183981
102,Ferdinand,2212,481280
103,Edgardo,4469,249030
104,Goldina,1420,329636
105,Beverie,147,364885
106,Ivonne,954,315684
107,Elene,459,264624
108,Chariot,256,69169
109,Boigie,3248,123762
110,Corabella,2708,112034
111,Ardyce,606,47849
112,Jeremiah,3957,202654
113,Creighton,2260,351779
114,Carmen,3413,58351
115,Amara,2168,182601
116,Rafaelia,3903,50724
117,Hanny,2992,203321
118,Elena,2497,330257
119,Wolfgang,3789,224773
120,Rivi,408,163078
121,Halli,3214,36218
122,Verine,1933,138621
123,Dody,2001,113620
124,Glyn,2199,390731
125,Sheila,4328,276223
126,Carlo,1842,349930
127,Jocko,274,397619
128,Carl,4134,283313
129,Lenard,2842,111473
130,Vin,2589,131741
131,Norry,549,438661
132,Debby,2260,237531
133,Bianca,2751,13415
134,Clementia,41,200132
135,Marcie,363,208541
136,Buffy,2034,11124
137,Renard,4884,187958
138,Gabi,4126,274012
139,Ely,4676,465188
140,Bentley,1453,96717
141,Camille,659,158883
142,Dugald,4466,393667
143,Pierre,2795,137175
144,Efrem,4184,159395
145,Trstram,441,494128
146,Leyla,4042,55393
147,Lindy,4140,25721
148,Aylmer,1317,486111
149,Parry,389,299131
150,Jane,1361,208464
151,Ricardo,1956,174261
152,Laurie,698,376881
153,Burton,4192,417362
154,Giselbert,3093,32913
155,Belinda,2515,137758
156,Doloritas,4400,399802
157,Skippie,3213,243859
158,Colly,280,11671
159,Peg,2403,281084
160,Angelle,2010,1203
161,Claudelle,2141,22468
162,Kerr,3461,275503
163,Silvain,4678,353660
164,Horatia,1019,493620
165,Kerr,388,184856
166,Walsh,2483,31193
167,Mathian,3579,262980
168,Pembroke,518,269586
169,Julie,1034,454681
170,Ephrem,3588,367897
171,Leda,1742,222598
172,Bucky,4313,23097
173,Nataline,3888,191680
174,Ernaline,4372,435382
175,Hammad,4776,134787
176,Gabbie,3786,209549
177,Glenda,965,350473
178,Celestine,3165,153369
179,Angeline,4351,39776
180,Gillian,2881,144496
181,Rosco,1080,131585
182,Sosanna,2475,95105
183,Ainslee,2070,399803
184,Serena,2820,242377
185,Diannne,4134,398722
186,Katrine,4610,355840
187,Hayley,1244,57544
188,Kerrill,3891,138813
189,Rudolfo,492,102120
190,Aurea,1587,319724
191,Ferrel,2909,183001
192,Fanchon,1574,216875
193,Frankie,3810,147487
194,Brig,1726,467301
195,Dyana,3901,27126
196,Ellyn,4184,130598
197,Chickie,2630,237565
198,Wynne,4024,54838
199,Isidora,1135,53828
200,Dante,1541,478893
201,Nil,187,82539
202,Elmer,2496,332717
203,Luz,2245,245952
204,Brina,79,155184
205,Kienan,949,65208
206,Desmund,1759,119124
207,Cornelle,3083,57033
208,Woody,3517,134118
209,Evaleen,1356,455995
210,Efren,4735,405500
211,Felipa,4025,395339
212,Anny,116,100242
213,Marla,3148,495706
214,Aviva,4298,459050
215,Fergus,1143,67434
216,Baudoin,101,272604
217,Anya,3915,385469
218,Jade,180,401146
219,Valle,2357,325350
220,Hank,1047,185294
221,Alisha,623,267816
222,Theo,1696,49855
223,Guillermo,4784,366510
224,Blondell,1377,480958
225,Clayborn,3119,461413
226,Teddie,2909,426835
227,Peterus,931,378239
228,Clari,2028,205169
229,Berna,4751,266696
230,Eben,3776,108386
231,Danika,3806,254344
232,Marjy,2320,56073
233,Trudi,1641,168411
234,Aprilette,1861,267294
235,Ermin,3157,287011
236,Cary,167,397840
237,Neall,664,263170
238,Charisse,2377,490174
239,Hazel,562,119163
240,Leelah,3670,359133
241,Anetta,2120,24463
242,Dorey,4113,396669
243,Cristian,3878,333308
244,Claudio,1452,30367
245,Derby,2027,243781
246,Hertha,2157,254887
247,Yoshiko,1101,142533
248,Maren,3449,487242
249,Aguste,3373,4708
250,Gordy,1910,423442
251,Costanza,3514,260799
252,Kayla,405,344784
253,Iorgos,4054,181625
254,Issi,242,77611
255,Griz,3007,98049
256,Hyatt,2022,352836
257,Dix,1707,347234
258,Nertie,3207,157321
259,Gael,4851,127627
260,Ced,2870,139605
261,Saleem,1552,55697
262,Waldon,465,174203
263,Gabey,4742,358762
264,Farr,232,62024
265,Rafe,1353,147165
266,Lebbie,4730,411251
267,Nanine,1069,273406
268,Ely,218,71228
269,Sibel,3222,432877
270,Sanson,2980,148803
271,Antonin,353,66475
272,Emelda,4613,98713
273,Alva,1318,101988
274,Abbe,3523,53024
275,Rozamond,157,339670
276,Katlin,1427,91182
277,Corbett,3968,372402
278,Clarke,1943,389106
279,Elissa,2136,367676
280,Ollie,2714,134941
281,Danyelle,3241,262327
282,Garrek,2043,387497
283,Lynelle,3115,299304
284,Tracy,403,164079
285,Vickie,1623,28650
286,Una,339,270761
287,Hayward,3314,468063
288,Everett,4119,163324
289,Marlena,483,49976
290,Dolf,2927,120399
291,Pall,4148,409535
292,Godard,3561,95137
293,Atlante,511,422592
294,Gavin,4731,451775
295,Garald,2774,194724
296,Rikki,965,211263
297,Nessy,279,402696
298,Oswald,699,173526
299,Rodi,3311,155358
300,Yolanda,442,321921
301,Almeria,3548,65771
302,Deonne,3984,341815
303,Britte,119,134066
304,Reg,4864,484712
305,Mavis,3158,62541
306,Lindon,4108,439574
307,Clemmie,647,381185
308,Viv,4585,159985
309,Ronnie,2018,220483
310,Loydie,531,433300
311,Ivonne,4457,277965
312,Wyatt,205,46083
313,Say,4796,153614
314,Fern,4966,420133
315,Jorey,2317,299907
316,Wayne,1525,474305
317,Chrysa,4112,319698
318,Jerome,4936,380480
319,Zondra,1611,423686
320,Daisie,4611,244332
321,Grady,3750,379301
322,Josias,1946,287600
323,Tirrell,3763,404114
324,Beckie,2913,361520
325,Sarine,3612,46396
326,Sunny,3177,93918
327,Averil,68,311178
328,Lynnette,348,273473
329,Sigismundo,1338,351129
330,Lilla,3500,211163
331,Morris,4202,478543
332,Fredrika,1174,451774
333,Bartholomeus,788,52217
334,Florenza,688,11277
335,Sherill,198,368670
336,Vincenz,2084,296134
337,Chrystal,92,97215
338,Janela,2448,443533
339,Tori,2862,303452
340,Nita,2748,458819
341,Aguste,1738,7112
342,Putnam,2728,11853
343,Emera,198,407268
344,Waldemar,4556,129206
345,Hetty,3227,200768
346,Ida,1452,331496
347,Berkly,3863,319990
348,Torrey,3877,360572
349,Danica,3596,263900
350,Craggy,1476,451905
351,Silvio,1127,499588
352,Derron,4796,77506
353,Britney,495,304659
354,Wright,3706,256762
355,Demott,1613,224010
356,Owen,1592,444439
357,Robinson,1987,493944
358,Vanni,4849,2397
359,Alia,2208,416273
360,Alberik,3985,162268
361,Matilde,2581,400900
362,Dulcea,1703,487141
363,Bradan,4207,56370
364,Gunner,1337,269195
365,Jacinthe,1606,498936
366,Christabella,1918,13107
367,Patti,1720,26717
368,Fairfax,2365,39899
369,Hillard,4695,366971
370,Deanna,2935,397901
371,Miran,386,246366
372,Lea,2120,178671
373,Berny,3037,366318
374,Kristel,4140,237640
375,Morgen,3524,29588
376,Keir,4509,450729
377,Cathi,2592,410973
378,August,772,31887
379,Biron,2794,243372
380,Gifford,1712,118418
381,Ugo,982,173047
382,Kellby,3199,44723
383,Gilles,1390,202602
384,Gilberte,970,318327
385,Daren,3026,348816
386,Zachary,4761,103075
387,Elmer,2358,321394
388,Cassi,3456,445988
389,Katya,3908,66042
390,Hermie,4106,450244
391,Natalya,4094,166716
392,Otto,1306,29091
393,Dolf,1347,343850
394,Ayn,3536,169540
395,Charlotte,1527,177380
396,Tiffanie,4926,319854
397,Merwyn,1317,158262
398,Benedict,3802,194695
399,Erwin,2971,318541
400,Dot,423,397816
401,Clio,4933,128380
402,Keir,562,181299
403,Kassandra,4367,230717
404,Pammy,1610,382800
405,Sylvan,2528,39864
406,Kurtis,661,166411
407,Aharon,2892,453550
408,Redford,2298,427036
409,Currey,925,203907
410,Cal,2773,362613
411,Ertha,4376,113276
412,Alisa,3258,328519
413,Darn,4538,218563
414,Torey,1037,107980
415,Gennifer,4503,371284
416,Dorothee,4417,46916
417,Cher,4623,108979
418,Silvester,4498,208706
419,Romonda,1352,258733
420,Ian,1088,76328
421,Sybilla,574,37890
422,Rodger,2090,102096
423,Theodore,939,452010
424,Quinn,4793,28775
425,Emma,1531,207067
426,Dedie,3953,484235
427,Forbes,4349,123207
428,Bess,3338,257420
429,Vanessa,4269,325941
430,Ola,1354,44263
431,Anette,2481,339389
432,Far,4144,333573
433,Cobbie,3494,232524
434,Annora,17,90731
435,Gerta,2277,434970
436,Paddie,4029,24713
437,Baxter,151,40719
438,Mavis,3161,375421
439,Stefania,4506,269156
440,Ginevra,3226,142918
441,Rollin,2474,219454
442,Willdon,2647,288740
443,Ignacio,3560,273464
444,Jedediah,505,334860
445,Adaline,2826,377783
446,Garnet,4295,224919
447,Eddy,3574,99659
448,Llewellyn,3612,37356
449,Sarah,622,372053
450,Gustaf,3509,83072
451,Jasun,2250,417790
452,Kalle,4567,79143
453,Mellie,3941,185417
454,Goldi,2615,9295
455,Anders,249,107363
456,Antonina,2211,167168
457,Darleen,1900,203484
458,Sander,2570,167051
459,Dalenna,2395,260117
460,Lotte,1075,488127
461,Chere,1213,199253
462,Joaquin,2530,347858
463,Phillipe,4367,217038
464,Missie,2160,186764
465,Wendell,768,481485
466,Richie,422,102180
467,Jacintha,4798,282612
468,Rafe,2991,260048
469,Kristien,1098,491874
470,Andrej,3142,463464
471,Mirella,4332,58460
472,Lexy,1644,332823
473,Roarke,2627,287361
474,Barbara,538,31935
475,Marielle,4367,253952
476,Hank,167,403636
478,Ingunna,4366,74113
479,Eadie,4273,230179
480,Zuzana,1881,130695
481,Virgil,2307,386442
482,Alexander,1085,82070
483,Fernanda,3584,310330
484,Chicky,4567,409376
485,Clair,1967,22503
486,Dewain,914,345111
487,Brynne,312,66152
488,Pen,1186,210432
489,Astrid,4634,203123
490,Blinni,4722,192527
491,Bobine,1116,473734
492,Clemmie,2076,461663
493,Sylvester,128,389096
494,Rex,4008,156070
495,Dimitry,3921,9895
496,Isidor,3294,353809
497,Smith,4356,81429
498,Madelle,2868,350540
499,Auberon,4163,33303
500,Juliane,2758,269940
501,Sherri,1706,356846
502,Gaby,694,252588
503,Dyna,1821,26539
504,Constantia,903,68651
505,Lucius,4146,108253
506,Robinetta,1382,352091
507,Reinhold,1808,246414
508,Marrissa,4207,181144
509,Phylys,108,83617
510,Corabella,2490,104798
511,Myra,2324,78986
512,Adolpho,1832,364841
513,Brice,4809,331710
514,Rayna,2443,191511
515,Thornton,3501,27182
516,May,3397,155425
517,Jeannette,170,346875
518,Darline,3777,411416
519,Andrea,3248,420833
520,Mallissa,46,125727
521,Harmony,4041,366409
522,Salem,410,151839
523,Loralee,984,64185
524,Celia,447,142400
525,Brok,1332,486672
526,Maritsa,1967,98910
527,Yorgo,1147,168334
528,Maddy,4286,105569
529,Alphonso,2266,12582
530,Nataline,578,38093
531,Fayth,3688,305974
532,Gwendolyn,2279,35635
533,Redford,2094,131905
534,Janith,3570,152898
535,Dalston,3512,309044
536,Emylee,4890,144891
537,Dougie,2685,283031
538,Matty,308,285047
539,Lyn,2104,414043
540,Nevsa,3581,265241
541,Brandy,254,267925
542,Averil,3033,418500
543,Kale,1986,167021
544,Latashia,3546,446803
545,Hugibert,1780,1906
546,Luther,172,491774
547,Margaretha,4373,113455
548,Jo ann,4388,235656
549,Joceline,1919,461982
550,Vinnie,3428,234895
551,Natalie,310,125614
552,Ramsey,127,294465
553,Mike,3747,156000
554,Chariot,851,169414
555,Gino,1420,304919
556,Alana,2831,101947
557,Meaghan,1276,244870
558,Theodoric,1137,278919
559,Camile,2159,97985
560,Maggee,2955,172746
561,Beryl,3568,458470
562,Bernetta,4349,20009
563,Ingamar,821,173980
564,Jacquie,3976,342392
565,Teresita,4354,334510
566,Erv,405,194413
567,Karisa,322,452191
568,Brande,3262,462409
569,Lothario,2105,190403
570,Dominik,1505,285328
571,Dunn,3150,272060
572,Norma,3359,70026
573,Simone,2712,161955
574,Kristan,2271,388499
575,Emiline,820,148196
576,Blinnie,956,309807
577,Seymour,2866,59977
578,Sol,732,279281
579,Burr,3181,307206
580,Wynne,4607,243862
581,Tonnie,2718,116222
582,Locke,2430,173582
583,Sebastiano,2277,31514
584,Hilton,1046,488631
585,Bertrando,4765,252952
586,Shela,2636,182976
587,Meagan,858,303941
588,Cecelia,218,56555
589,Rosemary,3609,237328
590,Gill,3996,18784
591,Carroll,3891,498272
592,Xylina,800,298800
593,Jobye,4686,216020
594,Titos,4158,274407
595,Taryn,680,295044
596,Clem,4277,494968
597,Adair,10,409578
598,Torry,4716,374584
599,Sergeant,825,269510
600,Carmelita,4104,271922
601,Kalie,1303,121711
602,Monique,204,305792
603,Ebonee,2911,143646
604,Dinnie,578,209763
605,Tina,3749,467357
606,Westleigh,1475,429412
607,Kenton,265,216031
608,Rickey,574,165784
609,Cherice,4240,432985
610,Jammal,397,193593
611,Merell,4281,89414
612,Mortie,2551,110015
613,Maurits,4090,353012
614,Max,4277,29027
615,Marlow,3219,292562
616,Candis,1935,228362
617,Ansel,393,23589
618,Jayne,897,139950
619,Antin,3003,317323
620,Adrea,2367,155812
621,Dimitri,4806,232460
622,Siegfried,1156,35373
623,Lelia,2486,326057
624,Demetre,3673,283438
625,Vittoria,256,53950
626,Von,4337,49211
627,Basil,3469,409279
628,Orelle,700,389174
629,Ave,2363,250951
630,Parke,4611,413528
631,Gretta,3804,302131
632,Paloma,2870,309860
633,Granny,3670,47474
634,Maryrose,4981,183838
635,Arron,3161,138621
636,Austin,2946,415204
637,Lucais,1202,249134
638,Arvy,1931,81019
639,Shelley,882,179842
640,Leoline,291,372423
641,Glenine,4428,126324
642,Arlen,2082,118859
643,Marv,593,11155
644,Gay,763,425209
645,Corine,935,3021
646,Denny,1514,71224
647,Clarita,738,145266
648,Foster,2583,411465
649,Rudd,18,54605
650,Carrol,4135,94831
651,Jourdan,2493,283036
652,Betteanne,3132,109684
653,Sabine,3929,32344
654,Rosetta,2132,56784
655,Ogdon,91,254623
656,Lukas,120,31729
657,Nicolis,3311,16896
658,Pepita,4047,21427
659,Idell,1040,87294
660,Yuri,1369,341209
661,Mignonne,4330,484106
662,Adelind,2619,243435
663,Dougie,2290,190966
664,Byrom,2734,494008
665,Andeee,3643,69863
666,Sanford,708,255596
667,Cheri,283,16983
668,Stormi,303,123411
669,Carlynne,4535,275447
670,Stanwood,441,337293
671,Angeli,1468,452519
672,Emmeline,2917,48606
673,Pegeen,2681,39807
674,Tod,468,192838
675,Sallie,3310,139955
676,Alistair,4003,43037
677,Amabelle,37,172454
678,Rawley,1201,187052
679,Bernarr,2056,298122
680,Glendon,4738,473826
681,Idalina,2631,307353
683,Ninnette,1633,92164
684,Alejandra,4163,383543
685,Brenna,1012,133733
686,Susana,4090,404708
687,Ive,3111,379037
688,Morissa,2169,232566
689,Cybill,3755,478332
690,Giacobo,745,137564
691,Zak,3979,429093
692,Ann-marie,3838,268922
693,Kimberly,4773,205316
694,Spencer,3448,394348
695,Gail,3583,115796
696,Ermanno,4583,113755
697,Rog,397,165731
698,Zorina,3526,418844
699,Annelise,404,29834
700,Les,2925,324486
701,Esmeralda,2130,50685
702,Gusta,4086,244298
703,Ogdan,4617,22969
704,Antoni,34,227231
705,Frazer,2564,199336
706,Zed,693,455516
707,Lucine,585,280307
708,Pooh,1025,392965
709,Rutger,2474,179088
710,Roxana,4876,157809
711,Edouard,4739,333098
712,Alleen,2919,419961
713,Schuyler,2104,375380
714,Hollie,4107,479243
715,Nevile,2540,374623
716,Nadia,4650,98280
717,Viviana,2420,464453
718,Rowena,3885,365100
719,Donna,1451,95219
720,Mab,3839,183971
721,Jonathan,523,25756
722,Ermentrude,2536,46927
723,Esma,1332,182756
724,Regan,591,409651
725,Clarey,2438,249372
726,Devonna,3254,398266
727,Thorsten,1509,27808
728,Hadria,3739,248705
729,Cristabel,1749,439710
730,Evie,4668,434202
731,Viv,1821,128865
732,Ginger,2504,483558
733,Linn,2414,496337
734,Tully,2739,253920
735,Hector,3609,490462
736,Donetta,4273,355318
737,Jillene,1305,485764
738,Dionis,65,234501
739,Haley,4881,379921
740,Sileas,3676,155902
741,Holly,1647,202983
742,Isador,51,44117
743,Casi,1268,137639
744,Boyd,4096,84538
745,Smitty,3794,420492
746,Suzie,3647,330954
747,Denis,4084,446675
748,Jody,1240,370787
749,Myrta,1907,493284
750,Noe,2774,105901
751,Conan,3692,14503
752,Vera,1740,156287
753,Karita,4381,130413
754,Cornall,3347,489329
755,Dominga,4030,168129
756,Kearney,596,192276
757,Clim,3449,7723
758,Glynda,683,126455
759,Alyce,335,39246
760,Violetta,1325,484125
761,Donica,3943,302416
762,Dominga,3626,496655
763,Annemarie,1831,306423
764,Gaylord,2500,261638
765,Julita,2500,345474
766,Marven,4014,262017
767,Scotti,2851,259750
768,Jimmy,1465,208471
769,Sergio,2988,75320
770,Cort,2278,297671
771,Bridie,3047,7362
772,Kym,2994,71262
773,Osborn,2510,53859
774,Shellie,2947,394858
775,Marion,3853,454833
776,Zach,4851,338650
777,Elaina,1632,9614
778,Horatio,4353,184245
779,Raff,2738,442762
780,Riley,846,85144
781,Jaime,1502,275188
782,Ceil,4732,19850
783,Kaela,3031,249429
784,Adler,759,478558
785,Flin,1465,91610
786,Dale,1266,30755
787,Christina,388,30984
788,Weber,3375,284549
789,Kerrill,3073,265965
790,Julianne,2596,179569
791,Hillie,4932,404276
792,Corie,3193,70806
793,Katheryn,4863,247493
794,Edgar,1329,431375
795,Solomon,4469,368707
796,Lennard,1494,101990
797,Charmion,802,29786
798,Halley,1987,361369
799,Elka,3423,295873
800,Annadiane,2497,149474
801,Patsy,1240,10702
802,Witty,904,78672
803,Russ,4970,310313
804,Albrecht,3714,111623
805,Aurilia,2696,246050
806,Dory,935,395840
807,Trace,1272,102808
808,Ado,4253,305250
809,Dino,47,292476
810,Germaine,4717,126598
811,Ariel,4623,322819
812,Gisella,4441,187960
813,Conrad,2915,472628
814,Evita,1747,117120
815,Ailsun,2787,115934
816,David,1381,310808
817,Elliot,3570,198064
818,Frasco,328,186833
819,Theda,3768,58550
820,Emlyn,4349,394937
821,Vina,2665,94310
822,Lorrie,1192,95675
823,Luciano,3736,288988
824,Winifred,4452,328135
825,Jozef,3621,28727
826,Zebulen,117,483756
827,Jacinta,2811,469891
828,Luca,2017,224889
829,Alica,2221,168311
830,Ignaz,2176,67086
831,Skip,2801,91350
833,Hamlen,4112,294979
834,Anestassia,416,434621
835,Bobette,1462,158541
836,Estelle,3370,119055
837,Lucky,1272,198605
838,Caz,2128,383384
839,Gertrude,3538,13487
840,Lacy,2988,148712
841,Kelsy,223,175107
842,Calvin,1622,315484
843,Rona,1536,27535
844,Rochell,1548,87961
845,Reinaldos,2076,445215
846,Alfy,4131,321801
847,Ivett,1853,185710
848,Ayn,2181,148960
849,Wilfrid,4645,117994
850,Dilly,3136,458581
851,Rosalinda,4823,465149
852,Alfreda,1482,143522
853,Vinnie,110,312340
854,Claudie,1841,385152
855,Cammy,3604,239635
856,Karilynn,1631,81877
857,Woodie,2641,13828
858,Mildrid,2718,204971
859,Tanya,166,241759
860,Humphrey,1810,433201
861,Harmony,2831,72873
862,Conny,2010,12471
863,Darya,11,396000
864,Bryce,187,160272
865,Deane,1829,33674
866,Amby,239,154945
867,Lynne,4381,397640
868,Deidre,1315,497798
869,Langston,1624,478277
870,Janeen,860,415630
871,Tate,1504,242280
872,Bertrando,1574,169510
873,Terri,543,270511
874,Karl,4927,461592
875,Janine,1344,492841
876,Atalanta,3188,204197
877,Wilt,2038,247554
878,Royal,1660,226771
879,Teddy,3996,481162
880,Alexandr,4286,368966
881,Ricardo,2592,258230
882,Demetri,1972,394022
883,Timmi,1054,492533
884,Moll,2440,224206
885,Nelia,2007,195389
886,Huberto,2367,286245
887,Skippy,1316,49369
888,Kristos,4689,327578
889,Zonda,2235,296652
890,Cynthia,1722,352575
891,Pepillo,3450,222781
892,Noe,637,170230
893,Fleur,4130,128681
894,Amelita,3992,340232
895,Natale,4099,6725
896,Dallon,181,106755
897,Donna,2247,204575
898,Ernestine,4442,452661
899,Allx,1978,348449
900,Samuele,3926,50985
901,Wally,3864,200368
902,Granger,4512,295671
903,Herman,931,40796
904,Forrest,2928,397519
905,Ram,3207,11712
906,Corrine,595,331382
907,Gan,4304,95098
908,Xena,1444,362580
909,Diannne,3057,395874
910,Neile,2131,444841
911,Kenneth,755,216800
912,Gerek,4073,1267
913,Stacey,1861,197654
914,Dick,3685,166478
915,Gilburt,4756,28141
916,Heath,2597,2646
917,Fabian,3819,95313
918,Lucinda,1907,302702
919,Court,662,286575
920,Spencer,1035,321534
921,Howard,301,328368
922,Merridie,1530,215642
923,Ardine,4816,232842
924,Padraig,3521,38987
925,Legra,3523,244590
926,Alvan,3085,137901
927,Giusto,3910,444097
928,Donnell,4785,194448
929,Jacklin,2520,410899
930,Margery,3254,281113
931,Gwynne,2425,354530
932,Harrison,2982,7984
933,Kurtis,1466,260438
934,Jose,3623,442299
935,Ira,1712,282028
936,Liuka,4557,188115
937,Celie,4945,452583
938,Stephan,506,383608
939,Gerhardine,2613,124322
940,Akim,3267,206241
941,Quintilla,1632,118942
942,Antonino,441,191401
943,Cinnamon,1334,296761
944,Hans,2812,189601
945,Lorrin,1705,488807
946,Georges,2134,163021
947,Dalia,4853,27154
948,Joana,4829,489791
949,Renie,560,301564
950,Mab,4893,385289
951,Jillene,873,261014
952,Odella,2940,61693
953,Federica,1130,400840
954,Rosanne,945,147169
955,Tristam,2447,464062
956,Jania,3243,138917
957,Crysta,1499,131481
958,Ginnifer,1357,54238
959,Upton,1658,158183
960,Sidonia,1780,270550
961,Boony,1742,99105
962,Paulie,1948,294753
963,Selia,3511,70256
964,Deanne,3238,186714
965,Elisha,2584,217040
966,Brittaney,212,58017
967,Hillary,1218,144787
968,Towney,4680,437491
969,Hagan,2420,325435
970,Arnie,3928,147874
971,Maris,3990,14959
972,Wain,2801,339125
973,Lorna,3274,367883
974,Louie,944,312925
975,Deborah,4697,332471
976,Gabbi,69,400906
977,Eyde,3008,134225
978,Hussein,3085,452251
979,Chas,4655,65611
980,Chucho,1600,321479
981,Mariann,2128,388746
982,Jolie,2949,26452
983,Judas,2224,37090
984,Estel,3941,421267
985,Adela,1264,333275
986,Benson,1080,11307
987,Gardener,2735,81037
988,Ruddie,4854,198804
989,Solly,716,195709
990,Art,3780,34693
991,Shayla,646,103781
992,Jermaine,2930,401792
993,Kari,4094,394577
994,Kaela,3095,446929
995,Millie,4924,264070
996,Heath,1211,23440
997,Byrom,4927,179821
998,Nollie,1682,98073
999,Christoforo,4344,405850
1000,Rutger,4108,187969
